{"cameraMode":{"drawMode":0,"name":"Shaded","section":"Shading Mode"},"sceneLighting":true,"audioPlay":false,"sceneViewState":{"m_AlwaysRefresh":false,"showFog":true,"showSkybox":true,"showFlares":true,"showImageEffects":true,"showParticleSystems":true,"showVisualEffectGraphs":true,"m_FxEnabled":true},"in2DMode":false,"pivot":{"x":1460.0052490234375,"y":840.6029663085938,"z":11.980224609375},"rotation":{"x":-0.020995058119297029,"y":-0.01799505203962326,"z":-0.0003779517428483814,"w":0.9996179342269898},"size":336.72711181640627,"orthographic":true}